max_depth,learning_rate,subsample,colsample_bytree,best_iteration,val_auc,val_log_loss,val_accuracy,val_brier
3,0.01,0.6,0.7,598,0.8099412308864341,0.524379111029089,0.7205127663618509,0.17745403945446014
3,0.01,0.6,0.85,597,0.8099627626122103,0.5243197379242232,0.720745074021668,0.17745156586170197
3,0.01,0.6,1.0,599,0.8098517070072444,0.5243867832308267,0.7202804587020337,0.17749729752540588
3,0.01,0.7,0.7,585,0.8099614851779264,0.5244407364255904,0.7203649342146945,0.17746657133102417
3,0.01,0.7,0.85,599,0.8100842526786423,0.5242135492603656,0.7209140250469895,0.17740625143051147
3,0.01,0.7,1.0,599,0.8099075278524386,0.5243669637739912,0.7202804587020337,0.17748022079467773
3,0.01,0.85,0.7,597,0.8099221478737231,0.5243511545452332,0.7207661928998331,0.1774606555700302
3,0.01,0.85,0.85,587,0.8098954618076587,0.5244501415989808,0.7202593398238686,0.1775004118680954
3,0.01,0.85,1.0,589,0.8098290111391913,0.5245226502990713,0.7206183607526768,0.1775417923927307
3,0.01,1.0,0.7,599,0.8098190030838619,0.5245483385207509,0.7200270321640514,0.17753472924232483
3,0.01,1.0,0.85,599,0.8096883203077261,0.5245199425836244,0.7201115076767122,0.1775638610124588
3,0.01,1.0,1.0,599,0.8096682149907628,0.5245706160061131,0.7204071719710249,0.1775909960269928
3,0.03,0.6,0.7,259,0.8102758428434689,0.5238179781486143,0.7207239551435027,0.17729924619197845
3,0.03,0.6,0.85,252,0.8101858907740164,0.523943402284419,0.7210829760723111,0.17736169695854187
3,0.03,0.6,1.0,290,0.8100109215278899,0.5240092491131116,0.7202382209457033,0.177407369017601
3,0.03,0.7,0.7,251,0.8101016086572935,0.5238717017601213,0.7206605985090072,0.17734545469284058
3,0.03,0.7,0.85,265,0.8100459492755109,0.5239456509440247,0.7204705286055205,0.17739322781562805
3,0.03,0.7,1.0,262,0.810064543437672,0.5239717556712792,0.7205127663618509,0.17739588022232056
3,0.03,0.85,0.7,262,0.8101674910815997,0.5237800807111189,0.720090388798547,0.17729875445365906
3,0.03,0.85,0.85,267,0.8099300444158192,0.5239769600517546,0.720533885240016,0.17742080986499786
3,0.03,0.85,1.0,239,0.8098636160489279,0.5241561953960567,0.7204916474836857,0.17747336626052856
3,0.03,1.0,0.7,275,0.8099160104799568,0.5239534326789027,0.7202171020675382,0.1774117350578308
3,0.03,1.0,0.85,236,0.8099105118033322,0.5240568719468741,0.7202382209457033,0.1774463802576065
3,0.03,1.0,1.0,249,0.809817329573585,0.5241607247432055,0.7200059132858863,0.17748937010765076
3,0.05,0.6,0.7,137,0.8101989202468873,0.5239142675986147,0.720301577580199,0.17732670903205872
3,0.05,0.6,0.85,149,0.8098819408080484,0.5241484579121947,0.7199636755295559,0.17744915187358856
3,0.05,0.6,1.0,141,0.8101861137897781,0.5238663542233959,0.7202804587020337,0.17734424769878387
3,0.05,0.7,0.7,158,0.8099413111721084,0.5240089364036093,0.7204494097273553,0.17739605903625488
3,0.05,0.7,0.85,180,0.8097540153987923,0.5241712563549411,0.7196257734789128,0.17749245464801788
3,0.05,0.7,1.0,167,0.8098832432200979,0.5242238676788569,0.719984794407721,0.17747992277145386
3,0.05,0.85,0.7,156,0.8098934368245411,0.5241230381781712,0.7202593398238686,0.17742682993412018
3,0.05,0.85,0.85,150,0.8099843933569849,0.5239087979052464,0.7199003188950603,0.17739906907081604
3,0.05,0.85,1.0,150,0.8097249823148502,0.5242665000328969,0.7196046546007476,0.17753024399280548
3,0.05,1.0,0.7,157,0.8098128469567715,0.5241384466312117,0.7197313678697388,0.1774478256702423
3,0.05,1.0,0.85,144,0.8097546764175105,0.5241972801217847,0.7200059132858863,0.1774984747171402
3,0.05,1.0,1.0,147,0.809690275709926,0.5242870022578515,0.7199636755295559,0.17755532264709473
3,0.1,0.6,0.7,88,0.8101839764067166,0.5238709933802876,0.7213364026102933,0.17737077176570892
3,0.1,0.6,0.85,126,0.8102644520904161,0.5238553910351995,0.720090388798547,0.17732961475849152
3,0.1,0.6,1.0,85,0.8104255015847499,0.5235997101773473,0.720533885240016,0.17727306485176086
3,0.1,0.7,0.7,85,0.8098584786578378,0.5243927589834005,0.7200481510422166,0.17749431729316711
3,0.1,0.7,0.85,85,0.810091017192731,0.5239842641561823,0.7203226964583641,0.17737090587615967
3,0.1,0.7,1.0,85,0.810219125474912,0.5237477584305463,0.7196891301134084,0.1773242950439453
3,0.1,0.85,0.7,89,0.8100626897306594,0.5238020137701758,0.7201537454330426,0.17735138535499573
3,0.1,0.85,0.85,87,0.8098364616497635,0.5242799994360293,0.7202804587020337,0.17751477658748627
3,0.1,0.85,1.0,72,0.8101715330192678,0.5239582423054228,0.7199003188950603,0.17738492786884308
3,0.1,1.0,0.7,72,0.8097161187764106,0.5243864578888192,0.7202171020675382,0.17751799523830414
3,0.1,1.0,0.85,70,0.8095744975231869,0.5243676447909968,0.7200270321640514,0.17758674919605255
3,0.1,1.0,1.0,67,0.8097073783426718,0.5243933405053409,0.7200692699203818,0.17757074534893036
4,0.01,0.6,0.7,584,0.8103683176672194,0.5236988582698119,0.7213786403666237,0.17724154889583588
4,0.01,0.6,0.85,598,0.8103141756846806,0.5237175674142236,0.7210829760723111,0.17724934220314026
4,0.01,0.6,1.0,583,0.8101608880309226,0.5239624630250548,0.7203438153365294,0.17734870314598083
4,0.01,0.7,0.7,599,0.8102511211002348,0.5238316623847022,0.7211674515849718,0.1772916615009308
4,0.01,0.7,0.85,599,0.8102865128095793,0.5238061487913642,0.7208295495343288,0.17728306353092194
4,0.01,0.7,1.0,599,0.8101408612155073,0.5239750957314564,0.7198369622605647,0.17735691368579865
4,0.01,0.85,0.7,593,0.8102843236868609,0.5237774456503256,0.7211463327068066,0.17727866768836975
4,0.01,0.85,0.85,588,0.8101029039328385,0.5239911005856014,0.7205550041181813,0.1773531287908554
4,0.01,0.85,1.0,589,0.8100259911489505,0.5241315539138187,0.719984794407721,0.1774163544178009
4,0.01,1.0,0.7,598,0.8100135067266014,0.5239733300788227,0.7214208781229541,0.17736957967281342
4,0.01,1.0,0.85,590,0.8099867769494477,0.5240188537026077,0.7205972418745116,0.1773795336484909
4,0.01,1.0,1.0,596,0.8098917552856966,0.5240950449404048,0.7199214377732255,0.1774313747882843
4,0.03,0.6,0.7,194,0.8104598121136809,0.523497648122205,0.7202593398238686,0.17718303203582764
4,0.03,0.6,0.85,191,0.8102503797958425,0.5237877601819908,0.720195983189373,0.17727872729301453
4,0.03,0.6,1.0,256,0.8102187918433323,0.523914459389793,0.7201115076767122,0.177358016371727
4,0.03,0.7,0.7,262,0.810440051133054,0.5234433133698354,0.7206183607526768,0.17717576026916504
4,0.03,0.7,0.85,222,0.8100626665370201,0.5238987566465743,0.7199636755295559,0.17736458778381348
4,0.03,0.7,1.0,191,0.8099570917674178,0.5242228637612059,0.7197313678697388,0.17743857204914093
4,0.03,0.85,0.7,231,0.810237192427812,0.5236913706785278,0.720639479630842,0.17728671431541443
4,0.03,0.85,0.85,244,0.810140275130085,0.5238613539944723,0.7204916474836857,0.17733332514762878
4,0.03,0.85,1.0,239,0.8099721346265869,0.5240634802680509,0.7197102489915735,0.17742763459682465
4,0.03,1.0,0.7,214,0.8101441841503589,0.5237884120660518,0.7202804587020337,0.1773190051317215
4,0.03,1.0,0.85,199,0.8100310197083488,0.5239046339408578,0.7208929061688243,0.17735105752944946
4,0.03,1.0,1.0,217,0.8099179016536173,0.5240221672544751,0.7200059132858863,0.17742133140563965
4,0.05,0.6,0.7,135,0.8106825825582049,0.5232757879486082,0.7206183607526768,0.1770952343940735
4,0.05,0.6,0.85,136,0.8107851564277158,0.5233545558810571,0.7210196194378155,0.17710049450397491
4,0.05,0.6,1.0,124,0.8103703087519414,0.523690298279577,0.7202593398238686,0.177250474691391
4,0.05,0.7,0.7,136,0.8103901419896753,0.5235374204601718,0.7208717872906591,0.17719431221485138
4,0.05,0.7,0.85,124,0.8101397122383022,0.5239907527121627,0.71985808113873,0.17735089361667633
4,0.05,0.7,1.0,121,0.8099971569950677,0.5239835839056518,0.7198792000168951,0.1773950755596161
4,0.05,0.85,0.7,114,0.8103281444999407,0.523710732539197,0.720533885240016,0.1772579699754715
4,0.05,0.85,0.85,122,0.809991088290156,0.5241710859084716,0.7203649342146945,0.1774226725101471
4,0.05,0.85,1.0,149,0.8100529591069378,0.5240424605169762,0.7194779413317565,0.1774107813835144
4,0.05,1.0,0.7,115,0.8102624271072982,0.523824347619137,0.7209773816814851,0.17729483544826508
4,0.05,1.0,0.85,118,0.8099220872134361,0.5241401999506123,0.7201326265548774,0.17743586003780365
4,0.05,1.0,1.0,128,0.8099858286864282,0.5240621123268072,0.7202171020675382,0.17741131782531738
4,0.1,0.6,0.7,71,0.8103910643828665,0.5238998628044164,0.7208084306561635,0.1772747039794922
4,0.1,0.6,0.85,66,0.8101680245353019,0.5240309541873356,0.720195983189373,0.17738887667655945
4,0.1,0.6,1.0,91,0.8101373116966415,0.5241911443989913,0.7201326265548774,0.1774340569972992
4,0.1,0.7,0.7,62,0.8104238708934993,0.523639565281243,0.7209562628033199,0.17721104621887207
4,0.1,0.7,0.85,94,0.8100756977940173,0.5240619193607858,0.7204071719710249,0.17739202082157135
4,0.1,0.7,1.0,83,0.8099917439564959,0.524005914399649,0.7197313678697388,0.17740146815776825
4,0.1,0.85,0.7,62,0.8100158296587769,0.5239322990646449,0.7202593398238686,0.17734359204769135
4,0.1,0.85,0.85,70,0.809885804333107,0.5240158446992923,0.7200270321640514,0.1774316132068634
4,0.1,0.85,1.0,62,0.8102661925054215,0.523881633269435,0.7196891301134084,0.17732647061347961
4,0.1,1.0,0.7,83,0.8098488934403929,0.5242901182455176,0.7213152837321282,0.17751027643680573
4,0.1,1.0,0.85,78,0.8096590766969046,0.524306158611563,0.7196046546007476,0.17756402492523193
4,0.1,1.0,1.0,66,0.8100711464883492,0.5240252473445891,0.7204705286055205,0.17739732563495636
6,0.01,0.6,0.7,541,0.8106157884454641,0.5234433028084593,0.721632066904606,0.17713400721549988
6,0.01,0.6,0.85,538,0.8105067444426702,0.5234192170386467,0.7208717872906591,0.17715375125408173
6,0.01,0.6,1.0,579,0.8104002963433443,0.5236056280334545,0.7209351439251547,0.17722062766551971
6,0.01,0.7,0.7,553,0.8106626056983203,0.5233237977697383,0.7213786403666237,0.1770978420972824
6,0.01,0.7,0.85,599,0.8104836444700565,0.5234063752636768,0.7208295495343288,0.17716911435127258
6,0.01,0.7,1.0,599,0.8103858003188233,0.523630821374875,0.7209985005596503,0.17723436653614044
6,0.01,0.85,0.7,576,0.8105136231408292,0.5234454321120197,0.721843255686258,0.1771562099456787
6,0.01,0.85,0.85,589,0.8102863156636458,0.5236201322928673,0.7208717872906591,0.17724460363388062
6,0.01,0.85,1.0,546,0.8102653423693373,0.5237205907977529,0.7204282908491901,0.177266463637352
6,0.01,1.0,0.7,563,0.8103067894026479,0.5236611321870107,0.7216954235391017,0.17723770439624786
6,0.01,1.0,0.85,546,0.810182066499732,0.5237535259224181,0.7209773816814851,0.17728517949581146
6,0.01,1.0,1.0,554,0.8100652365706599,0.5239324243315324,0.7203860530928597,0.17735765874385834
6,0.03,0.6,0.7,194,0.8107156156528518,0.5232278109732178,0.7210829760723111,0.17707175016403198
6,0.03,0.6,0.85,191,0.8104398245490398,0.523472986093535,0.720639479630842,0.1771821528673172
6,0.03,0.6,1.0,191,0.8101304624365631,0.5238710571425439,0.720533885240016,0.17732323706150055
6,0.03,0.7,0.7,180,0.810722535385911,0.5232537683634582,0.7206605985090072,0.177055224776268
6,0.03,0.7,0.85,212,0.8103697351554018,0.5235653181886932,0.7211040949504762,0.17723220586776733
6,0.03,0.7,1.0,196,0.8101882779347314,0.5238384399662727,0.7206183607526768,0.17731641232967377
6,0.03,0.85,0.7,196,0.8104325221209334,0.5235104264467341,0.7206183607526768,0.17718914151191711
6,0.03,0.85,0.85,196,0.8100854284177388,0.5238631522512717,0.7204071719710249,0.17733637988567352
6,0.03,0.85,1.0,196,0.8102158774733563,0.5238273449963582,0.7203226964583641,0.17729900777339935
6,0.03,1.0,0.7,202,0.8103157858584813,0.5235546643924099,0.7211252138286415,0.17723828554153442
6,0.03,1.0,0.85,186,0.8102838883600937,0.5236447397411232,0.7211252138286415,0.17724798619747162
6,0.03,1.0,1.0,179,0.8100451339298858,0.5240268621674784,0.7206605985090072,0.1773778349161148
6,0.05,0.6,0.7,122,0.810901013116003,0.5231761642978792,0.7209985005596503,0.17703519761562347
6,0.05,0.6,0.85,124,0.8105971336230158,0.5233304972434988,0.7216109480264409,0.17713108658790588
6,0.05,0.6,1.0,124,0.8106730606772364,0.5233118460673215,0.7207661928998331,0.17711202800273895
6,0.05,0.7,0.7,110,0.8105285705492522,0.5234500309439535,0.7209773816814851,0.17714016139507294
6,0.05,0.7,0.85,111,0.8105040013487993,0.5235649841270457,0.7206817173871723,0.17718851566314697
6,0.05,0.7,1.0,111,0.8104240760680002,0.5234973306314733,0.7203226964583641,0.17718550562858582
6,0.05,0.85,0.7,111,0.8105502922844575,0.5234996242098932,0.7208506684124939,0.17715051770210266
6,0.05,0.85,0.85,131,0.8103467493668582,0.523522987441147,0.7199425566513907,0.17721889913082123
6,0.05,0.85,1.0,111,0.8104467656916121,0.523628136782916,0.7207028362653376,0.17721377313137054
6,0.05,1.0,0.7,123,0.8104167174399217,0.523492298101078,0.7209773816814851,0.17721174657344818
6,0.05,1.0,0.85,111,0.8102498418818248,0.5237638256462682,0.7211463327068066,0.17727768421173096
6,0.05,1.0,1.0,112,0.8101086746886923,0.5239070881330168,0.7208717872906591,0.17734260857105255
6,0.1,0.6,0.7,62,0.8106813390223166,0.5234413803200141,0.7215898291482756,0.17709505558013916
6,0.1,0.6,0.85,66,0.8100029009890303,0.5240361388788576,0.7200059132858863,0.1774066537618637
6,0.1,0.6,1.0,55,0.8101352073199125,0.5240374320570259,0.7201326265548774,0.17734454572200775
6,0.1,0.7,0.7,56,0.8103844586560001,0.5237271733469735,0.7213997592447889,0.17721979320049286
6,0.1,0.7,0.85,56,0.8104550449287554,0.5237210481088702,0.7204071719710249,0.17720927298069
6,0.1,0.7,1.0,56,0.8107334355042877,0.5232870601310667,0.7209773816814851,0.1770835667848587
6,0.1,0.85,0.7,61,0.8103367011686917,0.5236473706550865,0.7208506684124939,0.1772243231534958
6,0.1,0.85,0.85,59,0.8100864328807302,0.52410763739858,0.7204282908491901,0.1773640513420105
6,0.1,0.85,1.0,53,0.8103400838717677,0.5238233485581097,0.7207239551435027,0.17729252576828003
6,0.1,1.0,0.7,59,0.8102553182568731,0.5236893312438513,0.7213152837321282,0.17726987600326538
6,0.1,1.0,0.85,61,0.8102613664443348,0.523704705907693,0.7217376612954319,0.17728935182094574
6,0.1,1.0,1.0,54,0.8100097627379912,0.5239846679872685,0.7201115076767122,0.1773485243320465
8,0.01,0.6,0.7,541,0.810675892085349,0.5233647204372717,0.7215475913919452,0.17710019648075104
8,0.01,0.6,0.85,541,0.810602042645966,0.5233599102219166,0.7215264725137801,0.17712630331516266
8,0.01,0.6,1.0,579,0.8105193528617829,0.5234315975499608,0.7210407383159807,0.17715515196323395
8,0.01,0.7,0.7,555,0.8106808608765234,0.5233284379355296,0.7213575214884586,0.1770966649055481
8,0.01,0.7,0.85,587,0.8106236609018579,0.5233357388388635,0.7209562628033199,0.17712517082691193
8,0.01,0.7,1.0,566,0.8104534873866746,0.5235541803604747,0.7208295495343288,0.17719782888889313
8,0.01,0.85,0.7,571,0.8105731228540308,0.5234400522476428,0.7213575214884586,0.1771487444639206
8,0.01,0.85,0.85,535,0.8104122294707302,0.5235618997052587,0.7205972418745116,0.1771927922964096
8,0.01,0.85,1.0,535,0.8103346226617911,0.5236523555339794,0.7201326265548774,0.17723774909973145
8,0.01,1.0,0.7,567,0.8104551377033125,0.5235606046730683,0.7210196194378155,0.1771995723247528
8,0.01,1.0,0.85,539,0.8103855059380177,0.5235721982996313,0.7212308082194674,0.17720559239387512
8,0.01,1.0,1.0,538,0.8101977043649538,0.5237920489780622,0.7208506684124939,0.1772916167974472
8,0.03,0.6,0.7,194,0.8108803663167699,0.5231024453088892,0.7215898291482756,0.17701785266399384
8,0.03,0.6,0.85,191,0.8106142826430403,0.5232992033125241,0.7209562628033199,0.17710906267166138
8,0.03,0.6,1.0,191,0.8103901910531429,0.523684618414832,0.7208929061688243,0.17724919319152832
8,0.03,0.7,0.7,180,0.8107971163169928,0.5231813896783499,0.7210196194378155,0.1770249754190445
8,0.03,0.7,0.85,213,0.8105903771374946,0.5233251777114712,0.7209562628033199,0.17713619768619537
8,0.03,0.7,1.0,191,0.8103011551324402,0.5237815781670174,0.7208929061688243,0.17726856470108032
8,0.03,0.85,0.7,199,0.8105683958119425,0.5233455476233098,0.7207028362653376,0.17713721096515656
8,0.03,0.85,0.85,196,0.8103883748127783,0.5236425111890332,0.7204071719710249,0.1772286593914032
8,0.03,0.85,1.0,196,0.8101830049500578,0.5239011234934142,0.7206817173871723,0.17732639610767365
8,0.03,1.0,0.7,182,0.8104203356476423,0.5236186961784697,0.7213786403666237,0.1771976202726364
8,0.03,1.0,0.85,184,0.8103913355700327,0.5235454198158603,0.7210407383159807,0.17721082270145416
8,0.03,1.0,1.0,191,0.8102690917103259,0.5237357648046923,0.720639479630842,0.17728930711746216
8,0.05,0.6,0.7,118,0.8108587418164366,0.5230876948163328,0.7212519270976325,0.1770208328962326
8,0.05,0.6,0.85,117,0.8108422118881674,0.5232198622716179,0.7212519270976325,0.1770475208759308
8,0.05,0.6,1.0,124,0.8106030381883269,0.5234103019808132,0.7206817173871723,0.17715610563755035
8,0.05,0.7,0.7,110,0.8108517890770447,0.5232017913144345,0.7214419970011193,0.17706288397312164
8,0.05,0.7,0.85,108,0.8107768994921485,0.5233085482206516,0.7209773816814851,0.17707450687885284
8,0.05,0.7,1.0,124,0.8104583000668155,0.5234282297601028,0.7206183607526768,0.1771915704011917
8,0.05,0.85,0.7,109,0.8106864425150111,0.5234086414574819,0.7207661928998331,0.1771259307861328
8,0.05,0.85,0.85,109,0.8104674909923935,0.5236018865879593,0.7213575214884586,0.1771857738494873
8,0.05,0.85,1.0,111,0.8104099663067786,0.5236850340507443,0.720745074021668,0.17725186049938202
8,0.05,1.0,0.7,110,0.8104974241679505,0.5234384333506991,0.7215264725137801,0.1771635115146637
8,0.05,1.0,0.85,107,0.810299312130184,0.5236584315289808,0.7209562628033199,0.1772376447916031
8,0.05,1.0,1.0,113,0.8101611690307825,0.5238444288820666,0.7201748643112078,0.17733637988567352
8,0.1,0.6,0.7,62,0.8106470775568535,0.5235199549759838,0.7209351439251547,0.17712904512882233
8,0.1,0.6,0.85,62,0.8101667426407029,0.5239578970503165,0.7202382209457033,0.1773688793182373
8,0.1,0.6,1.0,55,0.8102006900999735,0.5238620366167295,0.7206817173871723,0.17729030549526215
8,0.1,0.7,0.7,56,0.8105757990431732,0.5236272929494545,0.7209985005596503,0.17711563408374786
8,0.1,0.7,0.85,62,0.8108403073335612,0.523091364636737,0.7214631158792845,0.1770271360874176
8,0.1,0.7,1.0,50,0.8107154470529359,0.5232354859875223,0.720195983189373,0.17706236243247986
8,0.1,0.85,0.7,61,0.8104907818664993,0.5235066815847046,0.7212730459757978,0.1771615892648697
8,0.1,0.85,0.85,52,0.8103804497246647,0.5238226365765203,0.7209562628033199,0.17725975811481476
8,0.1,0.85,1.0,58,0.8099111986918787,0.5242756225755464,0.7202804587020337,0.1774829626083374
8,0.1,1.0,0.7,72,0.810690444309842,0.5235323847213124,0.7222022766150662,0.17717258632183075
8,0.1,1.0,0.85,54,0.8100937924008716,0.5239656428784046,0.7203438153365294,0.17734567821025848
8,0.1,1.0,1.0,51,0.8101405472093145,0.5239180624911193,0.7203226964583641,0.1773177683353424
