feature,gain,weight,cover
team_total_gold_diff,499.94775390625,483.0,6070.46044921875
team_xp_diff,267.5680847167969,279.0,2738.589599609375
team_kills_diff,233.1411590576172,66.0,2243.569091796875
team_deaths_diff,72.4813461303711,100.0,999.5223388671875
dragons_diff,69.95600891113281,542.0,4515.00537109375
team_total_gold_diff_delta_3min,35.67953109741211,174.0,3203.07763671875
team_damage_done_to_champions_diff_delta_3min,29.434011459350586,267.0,2679.1025390625
team_kills_diff_delta_3min,19.666200637817383,60.0,1560.4007568359375
dragons_diff_delta_3min,12.090154647827148,74.0,2560.1650390625
jg_total_gold_diff,11.752143859863281,368.0,2767.32763671875
plates_diff,11.548600196838379,386.0,1588.235107421875
team_deaths_diff_delta_3min,9.494629859924316,64.0,894.01953125
top_level_diff,9.39840316772461,52.0,4591.59521484375
minute,7.804501056671143,226.0,1120.388916015625
mid_minions_killed_diff,7.698756217956543,415.0,2321.76318359375
bot_minions_killed_diff,7.447758197784424,335.0,2252.72119140625
team_xp_diff_delta_3min,6.968864917755127,76.0,989.8063354492188
bot_total_gold_diff,6.646643161773682,455.0,1547.44970703125
bot_kills_diff,6.42236328125,295.0,1797.95556640625
inhib_diff_delta_3min,6.391246795654297,1.0,24.51873016357422
team_damage_done_to_champions_diff,6.257613182067871,273.0,963.213134765625
top_solo_kills_diff,5.813193321228027,285.0,2726.97314453125
jg_xp_diff,5.6933913230896,145.0,1113.1134033203125
jg_level_diff,5.648128509521484,68.0,1366.975830078125
jg_solo_kills_diff,5.447093486785889,264.0,1839.1363525390625
team_minions_killed_diff,5.41098165512085,293.0,1000.79833984375
mid_solo_kills_diff,5.165299892425537,152.0,2976.706298828125
mid_level_diff,4.613771915435791,118.0,1656.5863037109375
first_tower_diff,4.446047782897949,75.0,461.6152038574219
team_minions_killed_diff_delta_3min,4.356779098510742,68.0,1559.1385498046875
mid_xp_diff_delta_3min,4.2741618156433105,104.0,1622.2247314453125
top_wards_killed_diff,4.237416744232178,205.0,2054.8056640625
bot_outer_diff,4.1967453956604,56.0,1188.117431640625
top_kills_diff,4.168701171875,257.0,1111.665771484375
sup_wards_placed_diff,4.146634101867676,475.0,1343.8543701171875
mid_xp_diff,4.100147247314453,209.0,890.4345703125
jg_jungle_minions_killed_diff,4.065972805023193,283.0,1328.7991943359375
jg_wards_placed_diff_delta_3min,4.015703201293945,181.0,2112.88134765625
bot_level_diff,3.9627645015716553,63.0,1696.9078369140625
mid_jungle_minions_killed_diff,3.950077772140503,276.0,884.0372924804688
sup_jungle_minions_killed_diff,3.914860248565674,211.0,1512.9154052734375
top_total_gold_diff,3.9047834873199463,290.0,1256.917236328125
tower_diff,3.8557467460632324,58.0,341.0946960449219
top_wards_placed_diff,3.708890199661255,423.0,692.548828125
heralds_diff,3.67218279838562,93.0,550.203125
barons_diff,3.6161158084869385,70.0,1482.80712890625
jg_wards_placed_diff,3.6129603385925293,366.0,1420.070556640625
plates_diff_delta_3min,3.4965028762817383,77.0,1032.1917724609375
top_total_gold_diff_delta_3min,3.4447085857391357,135.0,1259.52587890625
jg_minions_killed_diff,3.4436638355255127,287.0,1583.3763427734375
top_minions_killed_diff,3.337162494659424,189.0,536.841552734375
mid_outer_diff,3.2006285190582275,46.0,355.9904479980469
sup_level_diff,3.134427070617676,31.0,293.5648498535156
bot_total_gold_diff_delta_3min,3.0955419540405273,149.0,1118.82958984375
sup_minions_killed_diff,3.055032968521118,267.0,547.77978515625
mid_assists_diff,2.9883241653442383,155.0,904.0383911132812
mid_total_gold_diff_delta_3min,2.8192930221557617,119.0,937.8314208984375
bot_jungle_minions_killed_diff,2.812709093093872,233.0,755.8814086914062
jg_wards_killed_diff,2.7464497089385986,183.0,594.565673828125
top_solo_kills_diff_delta_3min,2.7131502628326416,47.0,2323.49609375
bot_xp_diff,2.6688499450683594,201.0,519.7902221679688
bot_solo_kills_diff,2.664755344390869,170.0,618.89501953125
mid_wards_placed_diff_delta_3min,2.5797955989837646,60.0,1957.0318603515625
sup_assists_diff,2.567274570465088,158.0,282.8403015136719
sup_xp_diff,2.510835647583008,114.0,299.05487060546875
mid_minions_killed_diff_delta_3min,2.5018467903137207,60.0,1838.330810546875
top_deaths_diff,2.387380361557007,170.0,606.3505859375
top_wards_placed_diff_delta_3min,2.3638148307800293,245.0,905.0449829101562
mid_deaths_diff,2.3535897731781006,162.0,835.574951171875
top_outer_diff,2.3398544788360596,46.0,1374.9989013671875
mid_base_diff,2.2732737064361572,4.0,36.350093841552734
bot_kills_diff_delta_3min,2.2426047325134277,32.0,703.5801391601562
bot_minions_killed_diff_delta_3min,2.224193572998047,86.0,1702.279296875
jg_kills_diff,2.202794313430786,140.0,463.55401611328125
top_jungle_minions_killed_diff,2.108449697494507,167.0,546.3482666015625
sup_wards_placed_diff_delta_3min,2.0936636924743652,202.0,1200.0347900390625
first_blood_diff,2.0750010013580322,23.0,356.9966125488281
top_xp_diff,2.0593416690826416,139.0,622.3526611328125
jg_total_gold_diff_delta_3min,2.0574848651885986,89.0,659.3777465820312
jg_deaths_diff,2.0467259883880615,167.0,1014.0648193359375
bot_wards_placed_diff_delta_3min,1.9529672861099243,43.0,218.6005859375
jg_deaths_diff_delta_3min,1.891965389251709,19.0,566.647216796875
top_assists_diff,1.8257677555084229,93.0,614.9628295898438
top_inner_diff,1.813279628753662,25.0,542.4183349609375
mid_deaths_diff_delta_3min,1.791192650794983,22.0,1031.5997314453125
bot_wards_killed_diff,1.7859928607940674,165.0,290.9771728515625
mid_wards_placed_diff,1.7672080993652344,225.0,458.3293151855469
barons_diff_delta_3min,1.7348614931106567,15.0,1626.5804443359375
bot_wards_placed_diff,1.7259527444839478,193.0,203.67633056640625
mid_total_gold_diff,1.7168872356414795,248.0,718.650634765625
jg_assists_diff,1.640701174736023,104.0,361.5221252441406
sup_wards_killed_diff,1.5939911603927612,102.0,225.03607177734375
sup_kills_diff,1.5895529985427856,49.0,151.99191284179688
mid_inner_diff,1.5753990411758423,34.0,218.39495849609375
mid_wards_killed_diff,1.5204181671142578,133.0,388.7358703613281
sup_solo_kills_diff,1.4901405572891235,85.0,215.75244140625
sup_xp_diff_delta_3min,1.4897576570510864,37.0,325.2762451171875
mid_kills_diff,1.467646598815918,100.0,244.18870544433594
top_kills_diff_delta_3min,1.4570969343185425,47.0,1212.1641845703125
bot_assists_diff_delta_3min,1.4190850257873535,16.0,195.67591857910156
bot_deaths_diff,1.4126471281051636,103.0,231.45797729492188
top_minions_killed_diff_delta_3min,1.336888074874878,45.0,600.8475952148438
sup_wards_killed_diff_delta_3min,1.315384030342102,17.0,128.83409118652344
jg_jungle_minions_killed_diff_delta_3min,1.284629464149475,59.0,545.752685546875
bot_inner_diff,1.271920084953308,22.0,183.2978515625
bot_deaths_diff_delta_3min,1.264124870300293,8.0,91.3797836303711
bot_jungle_minions_killed_diff_delta_3min,1.2505338191986084,33.0,499.6966247558594
bot_xp_diff_delta_3min,1.231982946395874,54.0,469.67340087890625
jg_minions_killed_diff_delta_3min,1.1928610801696777,52.0,291.97100830078125
sup_assists_diff_delta_3min,1.169658899307251,31.0,482.72564697265625
top_deaths_diff_delta_3min,1.1306620836257935,13.0,315.1708984375
jg_xp_diff_delta_3min,1.1141536235809326,47.0,407.6379089355469
mid_solo_kills_diff_delta_3min,1.1097170114517212,15.0,795.5974731445312
tower_diff_delta_3min,1.0272308588027954,10.0,34.37147903442383
bot_assists_diff,1.0031830072402954,100.0,202.9307098388672
top_xp_diff_delta_3min,0.9889549612998962,56.0,502.9941711425781
sup_total_gold_diff,0.9545950889587402,100.0,219.6453094482422
top_base_diff,0.9172556400299072,3.0,124.95975494384766
sup_total_gold_diff_delta_3min,0.9009875655174255,29.0,171.17483520507812
sup_deaths_diff,0.885242760181427,97.0,259.614501953125
jg_solo_kills_diff_delta_3min,0.8658810257911682,37.0,778.8047485351562
top_level_diff_delta_3min,0.7655853629112244,11.0,564.2098388671875
mid_wards_killed_diff_delta_3min,0.7448320388793945,10.0,225.9253692626953
mid_jungle_minions_killed_diff_delta_3min,0.7254536747932434,34.0,200.31784057617188
team_assists_diff,0.7097765207290649,71.0,197.71717834472656
top_wards_killed_diff_delta_3min,0.6583552360534668,38.0,529.1915893554688
sup_kills_diff_delta_3min,0.6118791103363037,9.0,114.51515197753906
sup_minions_killed_diff_delta_3min,0.5738203525543213,53.0,210.23275756835938
mid_level_diff_delta_3min,0.5711765885353088,11.0,371.75445556640625
sup_level_diff_delta_3min,0.5443759560585022,4.0,124.79981231689453
team_assists_diff_delta_3min,0.5092449188232422,26.0,140.59988403320312
top_assists_diff_delta_3min,0.4971109926700592,21.0,158.24850463867188
mid_kills_diff_delta_3min,0.4703259766101837,21.0,362.75640869140625
jg_kills_diff_delta_3min,0.45228809118270874,17.0,281.92120361328125
top_jungle_minions_killed_diff_delta_3min,0.4455361068248749,22.0,203.21865844726562
heralds_diff_delta_3min,0.4171895384788513,20.0,555.8653564453125
jg_wards_killed_diff_delta_3min,0.39417850971221924,22.0,367.58782958984375
sup_jungle_minions_killed_diff_delta_3min,0.3880097270011902,9.0,394.0263977050781
mid_assists_diff_delta_3min,0.3809095025062561,13.0,237.59219360351562
mid_inhib_diff,0.36393725872039795,2.0,41.34931945800781
bot_solo_kills_diff_delta_3min,0.3114573359489441,13.0,305.49798583984375
sup_solo_kills_diff_delta_3min,0.276779443025589,7.0,493.79583740234375
bot_wards_killed_diff_delta_3min,0.21427246928215027,18.0,124.86026763916016
jg_level_diff_delta_3min,0.18923752009868622,6.0,130.6063995361328
jg_assists_diff_delta_3min,0.17668619751930237,10.0,114.7488021850586
elders_diff,0.17152953147888184,4.0,234.2450408935547
sup_deaths_diff_delta_3min,0.10129604488611221,5.0,121.98347473144531
bot_inhib_diff,0.09963035583496094,2.0,112.85855865478516
bot_level_diff_delta_3min,0.06471935659646988,3.0,101.7716064453125
inhib_diff,0.055377960205078125,2.0,70.55024719238281
elders_diff_delta_3min,0.03768157958984375,1.0,95.08056640625
bot_base_diff,0.0,0.0,0.0
nexus_towers_diff,0.0,0.0,0.0
top_inhib_diff,0.0,0.0,0.0
